-- phpMyAdmin SQL Dump
-- version 5.2.1
-- https://www.phpmyadmin.net/
--
-- Servidor: localhost
-- Tiempo de generación: 02-01-2026 a las 20:10:17
-- Versión del servidor: 10.4.28-MariaDB
-- Versión de PHP: 8.2.4

SET SQL_MODE = "NO_AUTO_VALUE_ON_ZERO";
START TRANSACTION;
SET time_zone = "+00:00";


/*!40101 SET @OLD_CHARACTER_SET_CLIENT=@@CHARACTER_SET_CLIENT */;
/*!40101 SET @OLD_CHARACTER_SET_RESULTS=@@CHARACTER_SET_RESULTS */;
/*!40101 SET @OLD_COLLATION_CONNECTION=@@COLLATION_CONNECTION */;
/*!40101 SET NAMES utf8mb4 */;

--
-- Base de datos: `project-cpr`
--

-- --------------------------------------------------------

--
-- Estructura de tabla para la tabla `casos`
--

CREATE TABLE `casos` (
  `id` int(11) NOT NULL,
  `numero_caso` varchar(20) NOT NULL,
  `tipo_caso_id` int(11) NOT NULL,
  `tipo_proceso_id` int(11) NOT NULL,
  `demandante_nombre` varchar(120) NOT NULL,
  `demandante_contacto` varchar(120) NOT NULL,
  `asunto` varchar(200) NOT NULL,
  `detalles` text NOT NULL,
  `estado` enum('Atendido','No atendido','Pendiente') DEFAULT 'No atendido',
  `creado_por` int(11) NOT NULL,
  `asignado_a` int(11) DEFAULT NULL,
  `fecha_creacion` datetime DEFAULT current_timestamp()
) ENGINE=InnoDB DEFAULT CHARSET=utf8mb4 COLLATE=utf8mb4_general_ci;

--
-- Volcado de datos para la tabla `casos`
--

INSERT INTO `casos` (`id`, `numero_caso`, `tipo_caso_id`, `tipo_proceso_id`, `demandante_nombre`, `demandante_contacto`, `asunto`, `detalles`, `estado`, `creado_por`, `asignado_a`, `fecha_creacion`) VALUES
(5, 'C-000001', 1, 2, 'Kevin Gil Orlas', '+57 3246765898', 'Presupuesto faltante', 'Se comunica por correo denunciando un presupuesto incoherente.', 'Pendiente', 1, 2, '2025-12-08 14:19:53'),
(6, 'C-000006', 2, 1, 'Maria Lopez', '+57 3102345678', 'Solicitud de uniformes', 'Solicita entrega de uniformes para el personal.', 'No atendido', 2, 2, '2025-12-08 14:19:53'),
(7, 'C-000007', 3, 4, 'Juan Torres', '+57 3009876543', 'Derecho de petición', 'Presenta derecho de petición relacionado con logística de eventos.', 'Atendido', 1, 2, '2025-12-08 14:19:53'),
(8, 'C-000008', 4, 3, 'Ana Perez', '+57 3001234567', 'Tutela por incumplimiento', 'Reclamo por incumplimiento de formación de empleados.', 'Pendiente', 2, 2, '2025-12-08 14:19:53');

--
-- Disparadores `casos`
--
DELIMITER $$
CREATE TRIGGER `generar_numero_caso` BEFORE INSERT ON `casos` FOR EACH ROW BEGIN
    SET NEW.numero_caso = CONCAT('C-', LPAD((SELECT IFNULL(MAX(id),0)+1 FROM casos), 6, '0'));
END
$$
DELIMITER ;

-- --------------------------------------------------------

--
-- Estructura de tabla para la tabla `casos_historial_estado`
--

CREATE TABLE `casos_historial_estado` (
  `id` int(11) NOT NULL,
  `caso_id` int(11) NOT NULL,
  `usuario_id` int(11) NOT NULL,
  `estado_anterior` enum('Atendido','No atendido','Pendiente') DEFAULT NULL,
  `estado_nuevo` enum('Atendido','No atendido','Pendiente') NOT NULL,
  `fecha` datetime DEFAULT current_timestamp()
) ENGINE=InnoDB DEFAULT CHARSET=utf8mb4 COLLATE=utf8mb4_general_ci;

--
-- Volcado de datos para la tabla `casos_historial_estado`
--

INSERT INTO `casos_historial_estado` (`id`, `caso_id`, `usuario_id`, `estado_anterior`, `estado_nuevo`, `fecha`) VALUES
(1, 5, 1, 'No atendido', 'Pendiente', '2025-12-08 14:23:17'),
(2, 6, 2, 'No atendido', 'No atendido', '2025-12-08 14:23:17'),
(3, 7, 1, 'No atendido', 'Atendido', '2025-12-08 14:23:17'),
(4, 8, 2, 'No atendido', 'Pendiente', '2025-12-08 14:23:17');

-- --------------------------------------------------------

--
-- Estructura de tabla para la tabla `casos_mensajes`
--

CREATE TABLE `casos_mensajes` (
  `id` int(11) NOT NULL,
  `caso_id` int(11) NOT NULL,
  `usuario_id` int(11) NOT NULL,
  `mensaje` text NOT NULL,
  `archivo` varchar(255) DEFAULT NULL,
  `fecha` datetime DEFAULT current_timestamp()
) ENGINE=InnoDB DEFAULT CHARSET=utf8mb4 COLLATE=utf8mb4_general_ci;

--
-- Volcado de datos para la tabla `casos_mensajes`
--

INSERT INTO `casos_mensajes` (`id`, `caso_id`, `usuario_id`, `mensaje`, `archivo`, `fecha`) VALUES
(13, 5, 1, 'Se comunica Kevin Gil Orlas por correo denunciando un presupuesto incoherente.', NULL, '2025-12-08 14:23:03'),
(14, 5, 2, 'Revisado el caso, pendiente de validación de documentos adjuntos.', 'presupuesto.pdf', '2025-12-08 14:23:03'),
(15, 6, 2, 'Maria Lopez solicita entrega de uniformes para el personal.', NULL, '2025-12-08 14:23:03'),
(16, 6, 1, 'Se recibió solicitud, coordinando con logística.', NULL, '2025-12-08 14:23:03'),
(17, 7, 1, 'Juan Torres presenta derecho de petición relacionado con logística de eventos.', NULL, '2025-12-08 14:23:03'),
(18, 8, 2, 'Ana Perez reclama incumplimiento de formación de empleados.', NULL, '2025-12-08 14:23:03'),
(19, 8, 1, 'Se está revisando el caso y coordinando acciones.', NULL, '2025-12-08 14:23:03');

-- --------------------------------------------------------

--
-- Estructura de tabla para la tabla `tipos_caso`
--

CREATE TABLE `tipos_caso` (
  `id` int(11) NOT NULL,
  `nombre` varchar(50) NOT NULL
) ENGINE=InnoDB DEFAULT CHARSET=utf8mb4 COLLATE=utf8mb4_general_ci;

--
-- Volcado de datos para la tabla `tipos_caso`
--

INSERT INTO `tipos_caso` (`id`, `nombre`) VALUES
(1, 'Denuncia'),
(2, 'Solicitud'),
(3, 'Derecho de petición'),
(4, 'Tutela');

-- --------------------------------------------------------

--
-- Estructura de tabla para la tabla `tipos_proceso`
--

CREATE TABLE `tipos_proceso` (
  `id` int(11) NOT NULL,
  `nombre` varchar(50) NOT NULL
) ENGINE=InnoDB DEFAULT CHARSET=utf8mb4 COLLATE=utf8mb4_general_ci;

--
-- Volcado de datos para la tabla `tipos_proceso`
--

INSERT INTO `tipos_proceso` (`id`, `nombre`) VALUES
(1, 'Uniformes'),
(2, 'Presupuesto'),
(3, 'Formación'),
(4, 'Logística');

-- --------------------------------------------------------

--
-- Estructura de tabla para la tabla `usuarios`
--

CREATE TABLE `usuarios` (
  `id` int(11) NOT NULL,
  `documento` varchar(20) NOT NULL,
  `username` varchar(50) NOT NULL,
  `password` varchar(255) NOT NULL,
  `rol` tinyint(4) NOT NULL CHECK (`rol` between 1 and 3),
  `estado` tinyint(1) NOT NULL DEFAULT 1,
  `correo` varchar(255) NOT NULL,
  `telefono` varchar(20) DEFAULT NULL,
  `remember_token` varchar(255) DEFAULT NULL
) ENGINE=InnoDB DEFAULT CHARSET=utf8mb4 COLLATE=utf8mb4_general_ci;

--
-- Volcado de datos para la tabla `usuarios`
--

INSERT INTO `usuarios` (`id`, `documento`, `username`, `password`, `rol`, `estado`, `correo`, `telefono`, `remember_token`) VALUES
(1, '1000660615', 'Esteban Bedoya', '$2y$10$jG5m8YFKxQrZcWAnorl0LOG3mKAzjVEOan9pY7XlH6SR1.dPuYALa', 1, 1, 'esteban@gmail.com', '3246870343', '43c71ec1632d913c80599b8024a5eab5ce813886f37e1d45e1f8eeb2ed9c7663'),
(2, '13453564', 'Ronaldo Anaya', '$2y$10$lfVZ93Yiu.A4HKAziYdQROK7Nnu92hITM.FEans/0at7AtRTTVK0m', 2, 1, 'ronaldo@gmail.com', '3016490549', NULL),
(1013341538, '23456789', 'Ana Perez', '$2y$10$hashdummy1', 2, 1, 'ana.perez@gmail.com', '3001234567', NULL),
(1013341539, '34567890', 'Luis Martinez', '$2y$10$hashdummy2', 1, 1, 'luis.martinez@gmail.com', '3109876543', NULL),
(1013341540, '45678901', 'Camila Rios', '$2y$10$H0A1jCYlhT/MRWCo0d20w.uA9qGxozF7qUI..oAGyH5OQZpp.JMem', 2, 1, 'camila.rios@gmail.com', '3207654321', NULL);

--
-- Índices para tablas volcadas
--

--
-- Indices de la tabla `casos`
--
ALTER TABLE `casos`
  ADD PRIMARY KEY (`id`),
  ADD UNIQUE KEY `numero_caso` (`numero_caso`),
  ADD KEY `tipo_caso_id` (`tipo_caso_id`),
  ADD KEY `tipo_proceso_id` (`tipo_proceso_id`),
  ADD KEY `creado_por` (`creado_por`),
  ADD KEY `fk_asignado_a` (`asignado_a`);

--
-- Indices de la tabla `casos_historial_estado`
--
ALTER TABLE `casos_historial_estado`
  ADD PRIMARY KEY (`id`),
  ADD KEY `caso_id` (`caso_id`),
  ADD KEY `usuario_id` (`usuario_id`);

--
-- Indices de la tabla `casos_mensajes`
--
ALTER TABLE `casos_mensajes`
  ADD PRIMARY KEY (`id`),
  ADD KEY `caso_id` (`caso_id`),
  ADD KEY `usuario_id` (`usuario_id`);

--
-- Indices de la tabla `tipos_caso`
--
ALTER TABLE `tipos_caso`
  ADD PRIMARY KEY (`id`);

--
-- Indices de la tabla `tipos_proceso`
--
ALTER TABLE `tipos_proceso`
  ADD PRIMARY KEY (`id`);

--
-- Indices de la tabla `usuarios`
--
ALTER TABLE `usuarios`
  ADD PRIMARY KEY (`id`),
  ADD UNIQUE KEY `username` (`username`),
  ADD UNIQUE KEY `documento_unique` (`documento`),
  ADD KEY `remember_token` (`remember_token`);

--
-- AUTO_INCREMENT de las tablas volcadas
--

--
-- AUTO_INCREMENT de la tabla `casos`
--
ALTER TABLE `casos`
  MODIFY `id` int(11) NOT NULL AUTO_INCREMENT, AUTO_INCREMENT=9;

--
-- AUTO_INCREMENT de la tabla `casos_historial_estado`
--
ALTER TABLE `casos_historial_estado`
  MODIFY `id` int(11) NOT NULL AUTO_INCREMENT, AUTO_INCREMENT=5;

--
-- AUTO_INCREMENT de la tabla `casos_mensajes`
--
ALTER TABLE `casos_mensajes`
  MODIFY `id` int(11) NOT NULL AUTO_INCREMENT, AUTO_INCREMENT=20;

--
-- AUTO_INCREMENT de la tabla `tipos_caso`
--
ALTER TABLE `tipos_caso`
  MODIFY `id` int(11) NOT NULL AUTO_INCREMENT, AUTO_INCREMENT=5;

--
-- AUTO_INCREMENT de la tabla `tipos_proceso`
--
ALTER TABLE `tipos_proceso`
  MODIFY `id` int(11) NOT NULL AUTO_INCREMENT, AUTO_INCREMENT=5;

--
-- AUTO_INCREMENT de la tabla `usuarios`
--
ALTER TABLE `usuarios`
  MODIFY `id` int(11) NOT NULL AUTO_INCREMENT, AUTO_INCREMENT=1013341542;

--
-- Restricciones para tablas volcadas
--

--
-- Filtros para la tabla `casos`
--
ALTER TABLE `casos`
  ADD CONSTRAINT `casos_ibfk_1` FOREIGN KEY (`tipo_caso_id`) REFERENCES `tipos_caso` (`id`),
  ADD CONSTRAINT `casos_ibfk_2` FOREIGN KEY (`tipo_proceso_id`) REFERENCES `tipos_proceso` (`id`),
  ADD CONSTRAINT `casos_ibfk_3` FOREIGN KEY (`creado_por`) REFERENCES `usuarios` (`id`),
  ADD CONSTRAINT `fk_asignado_a` FOREIGN KEY (`asignado_a`) REFERENCES `usuarios` (`id`);

--
-- Filtros para la tabla `casos_historial_estado`
--
ALTER TABLE `casos_historial_estado`
  ADD CONSTRAINT `casos_historial_estado_ibfk_1` FOREIGN KEY (`caso_id`) REFERENCES `casos` (`id`),
  ADD CONSTRAINT `casos_historial_estado_ibfk_2` FOREIGN KEY (`usuario_id`) REFERENCES `usuarios` (`id`);

--
-- Filtros para la tabla `casos_mensajes`
--
ALTER TABLE `casos_mensajes`
  ADD CONSTRAINT `casos_mensajes_ibfk_1` FOREIGN KEY (`caso_id`) REFERENCES `casos` (`id`),
  ADD CONSTRAINT `casos_mensajes_ibfk_2` FOREIGN KEY (`usuario_id`) REFERENCES `usuarios` (`id`);
COMMIT;

/*!40101 SET CHARACTER_SET_CLIENT=@OLD_CHARACTER_SET_CLIENT */;
/*!40101 SET CHARACTER_SET_RESULTS=@OLD_CHARACTER_SET_RESULTS */;
/*!40101 SET COLLATION_CONNECTION=@OLD_COLLATION_CONNECTION */;
